method,arch,sparsity,seed,run,acc,f1_macro,error_rate,n_errors,error_ratio,sparsity_achieved,best_epoch,epochs,gpu_min
depois (treino → poda → fine-tuning 5 ép.),densenet121,50,0,eixo2_prune_densenet121_p50_s0,0.9980983818305765,0.9981154651751836,0.001901618169423469,159,0.9937500000000138,0.5,2,5,17.209333333333333
depois (treino → poda → fine-tuning 5 ép.),densenet121,50,1,eixo2_prune_densenet121_p50_s1,0.9979907430662696,0.9980095989622271,0.002009256933730441,168,1.0059880239521384,0.5,1,5,17.117666666666665
depois (treino → poda → fine-tuning 5 ép.),densenet121,50,2,eixo2_prune_densenet121_p50_s2,0.9981940607321828,0.9982121564208237,0.001805939267817247,151,0.904191616766508,0.5,4,5,16.746666666666666
depois (treino → poda → fine-tuning 5 ép.),densenet121,70,0,eixo2_prune_densenet121_p70_s0,0.9981103416932774,0.9981250246242792,0.001889658306722608,158,0.9874999999999695,0.7,3,5,17.36366666666667
depois (treino → poda → fine-tuning 5 ép.),densenet121,70,1,eixo2_prune_densenet121_p70_s1,0.9979548634781673,0.9979764379441262,0.002045136521832691,171,1.023952095808387,0.7,1,5,17.16416666666667
depois (treino → poda → fine-tuning 5 ép.),densenet121,70,2,eixo2_prune_densenet121_p70_s2,0.9981342614186789,0.9981556616811655,0.001865738581321108,156,0.9341317365269777,0.7,4,5,16.68466666666667
depois (treino → poda → fine-tuning 5 ép.),densenet121,90,0,eixo2_prune_densenet121_p90_s0,0.9980505423797735,0.9980643942060785,0.001949457620226469,163,1.0187499999999587,0.9,4,5,16.732000000000003
depois (treino → poda → fine-tuning 5 ép.),densenet121,90,1,eixo2_prune_densenet121_p90_s1,0.9978711444392618,0.9978899070298439,0.002128855560738163,178,1.0658682634730778,0.9,5,5,17.177500000000002
depois (treino → poda → fine-tuning 5 ép.),densenet121,90,2,eixo2_prune_densenet121_p90_s2,0.9980146627916712,0.9980324787729304,0.00198533720832883,166,0.9940119760479171,0.9,5,5,16.6505
depois (treino → poda → fine-tuning 5 ép.),densenet121,95,0,eixo2_prune_densenet121_p95_s0,0.9976917464987501,0.9977062225172553,0.0023082535012498573,193,1.2062500000000094,0.95,3,5,17.1585
depois (treino → poda → fine-tuning 5 ép.),densenet121,95,1,eixo2_prune_densenet121_p95_s1,0.9975362682836401,0.9975506213554264,0.0024637317163599404,206,1.2335329341317862,0.95,5,5,17.137833333333333
depois (treino → poda → fine-tuning 5 ép.),densenet121,95,2,eixo2_prune_densenet121_p95_s2,0.9977276260868525,0.9977469041025366,0.0022723739131474963,190,1.1377245508982385,0.95,5,5,16.610333333333333
depois (treino → poda → fine-tuning 5 ép.),densenet121,98,0,eixo2_prune_densenet121_p98_s0,0.9968665159723966,0.9968804896929816,0.0031334840276033837,262,1.6374999999999869,0.979999970966693,5,5,16.637833333333333
depois (treino → poda → fine-tuning 5 ép.),densenet121,98,1,eixo2_prune_densenet121_p98_s1,0.9965914391302788,0.9966101936919954,0.003408560869721189,285,1.70658682634733,0.979999970966693,5,5,17.032666666666668
depois (treino → poda → fine-tuning 5 ép.),densenet121,98,2,eixo2_prune_densenet121_p98_s2,0.9967827969334913,0.9967968427571604,0.0032172030665087448,269,1.6107784431137824,0.979999970966693,5,5,16.702
depois (treino → poda → fine-tuning 5 ép.),resnet50,50,0,eixo2_prune_resnet50_p50_s0,0.9980146627916712,0.9980358510889258,0.00198533720832883,166,0.9378531073446124,0.5,5,5,14.046833333333332
depois (treino → poda → fine-tuning 5 ép.),resnet50,50,1,eixo2_prune_resnet50_p50_s1,0.9980385825170727,0.9980619884138355,0.00196141748292733,164,0.9939393939394072,0.5,2,5,13.971
depois (treino → poda → fine-tuning 5 ép.),resnet50,50,2,eixo2_prune_resnet50_p50_s2,0.997918983890065,0.9979379271887695,0.002081016109935052,174,0.9775280898876375,0.5,5,5,13.568
depois (treino → poda → fine-tuning 5 ép.),resnet50,70,0,eixo2_prune_resnet50_p70_s0,0.9979070240273642,0.9979261764494072,0.002092975972635802,175,0.9887005649717239,0.6999999914863823,1,5,13.964
depois (treino → poda → fine-tuning 5 ép.),resnet50,70,1,eixo2_prune_resnet50_p70_s1,0.9980505423797735,0.9980720358722961,0.001949457620226469,163,0.9878787878787583,0.6999999914863823,4,5,13.802000000000001
depois (treino → poda → fine-tuning 5 ép.),resnet50,70,2,eixo2_prune_resnet50_p70_s2,0.9979548634781673,0.9979705743999021,0.002045136521832691,171,0.9606741573033526,0.6999999914863823,3,5,13.507499999999999
depois (treino → poda → fine-tuning 5 ép.),resnet50,90,0,eixo2_prune_resnet50_p90_s0,0.9977276260868525,0.9977457240488705,0.0022723739131474963,190,1.0734463276836115,0.8999999829727646,3,5,13.966666666666669
depois (treino → poda → fine-tuning 5 ép.),resnet50,90,1,eixo2_prune_resnet50_p90_s1,0.9977635056749549,0.9977841224965016,0.0022364943250451352,187,1.133333333333322,0.8999999829727646,4,5,13.888333333333334
depois (treino → poda → fine-tuning 5 ép.),resnet50,90,2,eixo2_prune_resnet50_p90_s2,0.997703706361451,0.9977215362827911,0.0022962936385489963,192,1.0786516853932426,0.8999999829727646,3,5,13.485666666666667
depois (treino → poda → fine-tuning 5 ép.),resnet50,95,0,eixo2_prune_resnet50_p95_s0,0.9972492315788215,0.9972683594808937,0.0027507684211784955,230,1.2994350282485574,0.9499999914863823,4,5,13.656666666666668
depois (treino → poda → fine-tuning 5 ép.),resnet50,95,1,eixo2_prune_resnet50_p95_s1,0.9973568703431285,0.9973732370082617,0.0026431296568715235,221,1.339393939393926,0.9499999914863823,5,5,13.933833333333332
depois (treino → poda → fine-tuning 5 ép.),resnet50,95,2,eixo2_prune_resnet50_p95_s2,0.997440589382034,0.9974571934668643,0.0025594106179660514,214,1.2022471910112102,0.9499999914863823,4,5,13.469833333333332
depois (treino → poda → fine-tuning 5 ép.),resnet50,98,0,eixo2_prune_resnet50_p98_s0,0.9961369643476493,0.9961583129990922,0.003863035652350688,323,1.824858757062113,0.9799999795673175,5,5,13.826833333333331
depois (treino → poda → fine-tuning 5 ép.),resnet50,98,1,eixo2_prune_resnet50_p98_s1,0.9958738473682323,0.9958882477417426,0.004126152631767743,345,2.09090909090906,0.9799999795673175,5,5,13.715833333333332
depois (treino → poda → fine-tuning 5 ép.),resnet50,98,2,eixo2_prune_resnet50_p98_s2,0.9962206833865547,0.9962271123503823,0.003779316613445327,316,1.7752808988764273,0.9799999795673175,5,5,13.448833333333333
antes (poda ImageNet → treino 30 ép.),densenet121,50,0,eixo2b_prunefirst_densenet121_p50_s0,0.9979668233408681,0.9979874171114482,0.002033176659131941,170,1.0624999999999782,0.5,23,30,99.39400000000002
antes (poda ImageNet → treino 30 ép.),densenet121,70,0,eixo2b_prunefirst_densenet121_p70_s0,0.9979548634781673,0.9979750986837179,0.002045136521832691,171,1.0687499999999646,0.7000000582224003,26,30,99.38433333333333
antes (poda ImageNet → treino 30 ép.),densenet121,90,0,eixo2b_prunefirst_densenet121_p90_s0,0.9978711444392618,0.9978870489099742,0.002128855560738163,178,1.112499999999984,0.8999999708887999,22,30,100.52066666666666
antes (poda ImageNet → treino 30 ép.),densenet121,95,0,eixo2b_prunefirst_densenet121_p95_s0,0.9975841077344432,0.9975997326635151,0.0024158922655568293,202,1.2625000000000015,0.9500000582224003,25,30,101.27449999999999
antes (poda ImageNet → treino 30 ép.),densenet121,98,0,eixo2b_prunefirst_densenet121_p98_s0,0.9968545561096959,0.9968723112679557,0.0031454438903041337,263,1.6437499999999732,0.9800000232889601,29,30,99.07366666666665
antes (poda ImageNet → treino 30 ép.),resnet50,50,0,eixo2b_prunefirst_resnet50_p50_s0,0.9978950641646633,0.9979120258668218,0.002104935835336663,176,0.9943502824858882,0.5,29,30,80.80333333333333
antes (poda ImageNet → treino 30 ép.),resnet50,70,0,eixo2b_prunefirst_resnet50_p70_s0,0.9976199873225455,0.997644201112784,0.0023800126774544683,199,1.1242937853107229,0.699999982946003,20,30,80.66083333333334
antes (poda ImageNet → treino 30 ép.),resnet50,90,0,eixo2b_prunefirst_resnet50_p90_s0,0.9977156662241518,0.9977334139639648,0.0022843337758482463,191,1.0790960451977232,0.9000000085269986,22,30,84.7585
antes (poda ImageNet → treino 30 ép.),resnet50,95,0,eixo2b_prunefirst_resnet50_p95_s0,0.9975721478717424,0.9975870478901735,0.0024278521282575793,203,1.1468926553672227,0.949999982946003,25,30,81.718
antes (poda ImageNet → treino 30 ép.),resnet50,98,0,eixo2b_prunefirst_resnet50_p98_s0,0.9971176730891129,0.9971316774679655,0.0028823269108870786,241,1.361581920903945,0.9800000102323982,24,30,80.89183333333334
"controle (treino → poda → 30 ép., LR rewinding)",densenet121,95,0,eixo2c_rewind_densenet121_p95_s0,0.9975601880090417,0.9975792066913015,0.0024398119909583293,204,1.274999999999974,0.95,19,30,99.2845
"controle (treino → poda → 30 ép., LR rewinding)",densenet121,98,0,eixo2c_rewind_densenet121_p98_s0,0.9974525492447347,0.9974688259617517,0.0025474507552653014,213,1.3312499999999658,0.979999970966693,25,30,112.64399999999999
"controle (treino → poda → 30 ép., LR rewinding)",resnet50,95,0,eixo2c_rewind_resnet50_p95_s0,0.9975123485582386,0.9975302147025469,0.0024876514417614404,208,1.1751412429378345,0.9499999914863823,21,30,87.68766666666667
"controle (treino → poda → 30 ép., LR rewinding)",resnet50,98,0,eixo2c_rewind_resnet50_p98_s0,0.9976797866360494,0.9976989086390058,0.0023202133639506073,194,1.096045197740111,0.9799999795673175,30,30,92.49683333333334
