arch,seed,cell,run,acc,f1_macro,error_rate,n_errors,error_ratio,params_total,params_nonzero,macs,artifact_bytes,lat_cpu_t1_b1,lat_cpu_t16_b1,lat_cpu_t16_b32,lat_gpu_eager_fp32_b1,lat_gpu_eager_fp16_b1,lat_gpu_trt_b1,lat_gpu_trt_b32,lat_gpu_trt_fp16_b1
densenet121,0,baseline,eixo1_densenet121_s0,0.9980864219678758,0.9981020552897264,0.001913578032124219,160,1.0,6972306,6972306,2864541184,28483729,,,,,,,,
densenet121,0,int8-cpu,eixo1_densenet121_s0,0.997488428832837,0.9975077275276885,0.0025115711671630514,210,1.3125000000000073,6972306,6972306,2864541184,8067223,,,,,,,,
densenet121,0,trt-fp32,eixo1_densenet121_s0,0.9980864219678758,0.9981020552897264,0.001913578032124219,160,1.0,6972306,6972306,2864541184,35961260,,,,,,,,
densenet121,0,trt-fp16,eixo1_densenet121_s0,0.9980864219678758,0.9981020552897264,0.001913578032124219,160,1.0,6972306,6972306,2864541184,15630076,,,,,,,,
densenet121,0,trt-int8,eixo1_densenet121_s0,0.9977276260868525,0.9977450325213479,0.0022723739131474963,190,1.1874999999999927,6972306,6972306,2864541184,15216044,,,,,,,,
densenet121,1,baseline,eixo1_densenet121_s1,0.9980027029289704,0.998019595530001,0.00199729707102958,167,1.0,6972306,6972306,2864541184,28483729,,,,,,,,
densenet121,1,int8-cpu,eixo1_densenet121_s1,0.9975721478717424,0.9975904607307644,0.0024278521282575793,203,1.215568862275482,6972306,6972306,2864541184,8067223,,,,,,,,
densenet121,1,trt-fp32,eixo1_densenet121_s1,0.9980027029289704,0.998019595530001,0.00199729707102958,167,1.0,6972306,6972306,2864541184,35961260,,,,,,,,
densenet121,1,trt-fp16,eixo1_densenet121_s1,0.9980146627916712,0.9980311859303472,0.00198533720832883,166,0.9940119760479171,6972306,6972306,2864541184,15720924,,,,,,,,
densenet121,1,trt-int8,eixo1_densenet121_s1,0.9974525492447347,0.9974633350786232,0.0025474507552653014,213,1.2754491017964216,6972306,6972306,2864541184,15207180,,,,,,,,
densenet121,2,baseline,eixo1_densenet121_s2,0.9980027029289704,0.9980186848826484,0.00199729707102958,167,1.0,6972306,6972306,2864541184,28483729,,,,,,,,
densenet121,2,int8-cpu,eixo1_densenet121_s2,0.9976319471852463,0.9976500077261667,0.0023680528147537183,198,1.1856287425150123,6972306,6972306,2864541184,8067223,,,,,,,,
densenet121,2,trt-fp32,eixo1_densenet121_s2,0.9979907430662696,0.9980069996467914,0.002009256933730441,168,1.0059880239521384,6972306,6972306,2864541184,35960268,,,,,,,,
densenet121,2,trt-fp16,eixo1_densenet121_s2,0.9980027029289704,0.9980183890787916,0.00199729707102958,167,1.0,6972306,6972306,2864541184,15681628,,,,,,,,
densenet121,2,trt-int8,eixo1_densenet121_s2,0.9977874254003564,0.9978035457987894,0.0022125745996436352,185,1.107784431137769,6972306,6972306,2864541184,15178044,,,,,,,,
resnet50,0,baseline,eixo1_resnet50_s0,0.9978831043019626,0.9979063187213808,0.002116895698037413,177,1.0,23544914,23544914,4109501440,94492735,,,,,,,,
resnet50,0,int8-cpu,eixo1_resnet50_s0,0.9979668233408681,0.9979902035588908,0.002033176659131941,170,0.9604519774011122,23544914,23544914,4109501440,24134257,,,,,,,,
resnet50,0,trt-fp32,eixo1_resnet50_s0,0.9978950641646633,0.9979183803066454,0.002104935835336663,176,0.9943502824858882,23544914,23544914,4109501440,105671828,,,,,,,,
resnet50,0,trt-fp16,eixo1_resnet50_s0,0.9978950641646633,0.9979183803066454,0.002104935835336663,176,0.9943502824858882,23544914,23544914,4109501440,47756060,,,,,,,,
resnet50,0,trt-int8,eixo1_resnet50_s0,0.9978472247138603,0.9978674874954448,0.002152775286139663,180,1.0169491525423355,23544914,23544914,4109501440,25085732,,,,,,,,
resnet50,1,baseline,eixo1_resnet50_s1,0.9980266226543719,0.9980467209450519,0.00197337734562808,165,1.0,23544914,23544914,4109501440,94492735,,,,,,,,
resnet50,1,int8-cpu,eixo1_resnet50_s1,0.997918983890065,0.9979402017453572,0.002081016109935052,174,1.0545454545454473,23544914,23544914,4109501440,24134257,,,,,,,,
resnet50,1,trt-fp32,eixo1_resnet50_s1,0.9980505423797735,0.9980703965294937,0.001949457620226469,163,0.9878787878787583,23544914,23544914,4109501440,105678828,,,,,,,,
resnet50,1,trt-fp16,eixo1_resnet50_s1,0.9980146627916712,0.9980349853144604,0.00198533720832883,166,1.0060606060605928,23544914,23544914,4109501440,47726156,,,,,,,,
resnet50,1,trt-int8,eixo1_resnet50_s1,0.997918983890065,0.9979389894801669,0.002081016109935052,174,1.0545454545454473,23544914,23544914,4109501440,25062460,,,,,,,,
resnet50,2,baseline,eixo1_resnet50_s2,0.9978711444392618,0.9978875497708108,0.002128855560738163,178,1.0,23544914,23544914,4109501440,94492735,,,,,,,,
resnet50,2,int8-cpu,eixo1_resnet50_s2,0.9976558669106479,0.9976704287272704,0.0023441330893521073,196,1.1011235955056051,23544914,23544914,4109501440,24134257,,,,,,,,
resnet50,2,trt-fp32,eixo1_resnet50_s2,0.9978591845765611,0.9978750157906501,0.002140815423438913,179,1.0056179775280776,23544914,23544914,4109501440,105691380,,,,,,,,
resnet50,2,trt-fp16,eixo1_resnet50_s2,0.9978591845765611,0.9978750157906501,0.002140815423438913,179,1.0056179775280776,23544914,23544914,4109501440,47736260,,,,,,,,
resnet50,2,trt-int8,eixo1_resnet50_s2,0.9975003886955378,0.9975166058916882,0.0024996113044621904,209,1.1741573033707702,23544914,23544914,4109501440,25071156,,,,,,,,
densenet121,0,prune-50,eixo2_prune_densenet121_p50_s0,0.9980983818305765,0.9981154651751836,0.001901618169423469,159,0.9937500000000138,6972306,3527986,2864541184,16282574,,,,,,,,
densenet121,1,prune-50,eixo2_prune_densenet121_p50_s1,0.9979907430662696,0.9980095989622271,0.002009256933730441,168,1.0059880239521384,6972306,3527986,2864541184,16273339,,,,,,,,
densenet121,2,prune-50,eixo2_prune_densenet121_p50_s2,0.9981940607321828,0.9982121564208237,0.001805939267817247,151,0.904191616766508,6972306,3527986,2864541184,16278597,,,,,,,,
densenet121,0,prune-70,eixo2_prune_densenet121_p70_s0,0.9981103416932774,0.9981250246242792,0.001889658306722608,158,0.9874999999999695,6972306,2150258,2864541184,11311487,,,,,,,,
densenet121,1,prune-70,eixo2_prune_densenet121_p70_s1,0.9979548634781673,0.9979764379441262,0.002045136521832691,171,1.023952095808387,6972306,2150258,2864541184,11303795,,,,,,,,
densenet121,2,prune-70,eixo2_prune_densenet121_p70_s2,0.9981342614186789,0.9981556616811655,0.001865738581321108,156,0.9341317365269777,6972306,2150258,2864541184,11323260,,,,,,,,
densenet121,0,prune-90,eixo2_prune_densenet121_p90_s0,0.9980505423797735,0.9980643942060785,0.001949457620226469,163,1.0187499999999587,6972306,772530,2864541184,5940434,,,,,,,,
densenet121,0,prune-90+int8-cpu,eixo2_prune_densenet121_p90_s0,0.9973688302058292,0.9973882097761222,0.0026311697941707735,220,1.3749999999999856,6972306,772530,2864541184,8067223,,,,,,,,
densenet121,0,prune-90+trt-int8,eixo2_prune_densenet121_p90_s0,0.9971057132264122,0.9971240706238166,0.0028942867735878286,242,1.5124999999999724,6972306,772530,2864541184,15183340,,,,,,,,
densenet121,1,prune-90,eixo2_prune_densenet121_p90_s1,0.9978711444392618,0.9978899070298439,0.002128855560738163,178,1.0658682634730778,6972306,772530,2864541184,5934828,,,,,,,,
densenet121,2,prune-90,eixo2_prune_densenet121_p90_s2,0.9980146627916712,0.9980324787729304,0.00198533720832883,166,0.9940119760479171,6972306,772530,2864541184,5946071,,,,,,,,
densenet121,0,prune-95,eixo2_prune_densenet121_p95_s0,0.9976917464987501,0.9977062225172553,0.0023082535012498573,193,1.2062500000000094,6972306,428098,2864541184,4420853,,,,,,,,
densenet121,0,prune-95+int8-cpu,eixo2_prune_densenet121_p95_s0,0.9969741547367036,0.9969896352522714,0.0030258452632964117,253,1.581249999999995,6972306,428098,2864541184,8067223,,,,,,,,
densenet121,0,prune-95+trt-int8,eixo2_prune_densenet121_p95_s0,0.9963283221508618,0.9963452054757275,0.003671677849138244,307,1.918749999999947,6972306,428098,2864541184,15197116,,,,,,,,
densenet121,1,prune-95,eixo2_prune_densenet121_p95_s1,0.9975362682836401,0.9975506213554264,0.0024637317163599404,206,1.2335329341317862,6972306,428098,2864541184,4425584,,,,,,,,
densenet121,2,prune-95,eixo2_prune_densenet121_p95_s2,0.9977276260868525,0.9977469041025366,0.0022723739131474963,190,1.1377245508982385,6972306,428098,2864541184,4423884,,,,,,,,
densenet121,0,prune-98,eixo2_prune_densenet121_p98_s0,0.9968665159723966,0.9968804896929816,0.0031334840276033837,262,1.6374999999999869,6972306,221439,2864541184,3400840,,,,,,,,
densenet121,1,prune-98,eixo2_prune_densenet121_p98_s1,0.9965914391302788,0.9966101936919954,0.003408560869721189,285,1.70658682634733,6972306,221439,2864541184,3395258,,,,,,,,
densenet121,2,prune-98,eixo2_prune_densenet121_p98_s2,0.9967827969334913,0.9967968427571604,0.0032172030665087448,269,1.6107784431137824,6972306,221439,2864541184,3394568,,,,,,,,
resnet50,0,prune-50,eixo2_prune_resnet50_p50_s0,0.9980146627916712,0.9980358510889258,0.00198533720832883,166,0.9378531073446124,23544914,11799026,4109501440,53516180,,,,,,,,
resnet50,1,prune-50,eixo2_prune_resnet50_p50_s1,0.9980385825170727,0.9980619884138355,0.00196141748292733,164,0.9939393939394072,23544914,11799026,4109501440,53512581,,,,,,,,
resnet50,2,prune-50,eixo2_prune_resnet50_p50_s2,0.997918983890065,0.9979379271887695,0.002081016109935052,174,0.9775280898876375,23544914,11799026,4109501440,53502657,,,,,,,,
resnet50,0,prune-70,eixo2_prune_resnet50_p70_s0,0.9979070240273642,0.9979261764494072,0.002092975972635802,175,0.9887005649717239,23544914,7100671,4109501440,36527119,,,,,,,,
resnet50,1,prune-70,eixo2_prune_resnet50_p70_s1,0.9980505423797735,0.9980720358722961,0.001949457620226469,163,0.9878787878787583,23544914,7100671,4109501440,36538441,,,,,,,,
resnet50,2,prune-70,eixo2_prune_resnet50_p70_s2,0.9979548634781673,0.9979705743999021,0.002045136521832691,171,0.9606741573033526,23544914,7100671,4109501440,36521177,,,,,,,,
resnet50,0,prune-90,eixo2_prune_resnet50_p90_s0,0.9977276260868525,0.9977457240488705,0.0022723739131474963,190,1.0734463276836115,23544914,2402316,4109501440,18032161,,,,,,,,
resnet50,0,prune-90+int8-cpu,eixo2_prune_resnet50_p90_s0,0.9975841077344432,0.99760263783444,0.0024158922655568293,202,1.1412429378531108,23544914,2402316,4109501440,24134257,,,,,,,,
resnet50,0,prune-90+trt-int8,eixo2_prune_resnet50_p90_s0,0.9969861145994044,0.9970051787593819,0.0030138854005955507,252,1.4237288135592803,23544914,2402316,4109501440,25067148,,,,,,,,
resnet50,1,prune-90,eixo2_prune_resnet50_p90_s1,0.9977635056749549,0.9977841224965016,0.0022364943250451352,187,1.133333333333322,23544914,2402316,4109501440,17954889,,,,,,,,
resnet50,2,prune-90,eixo2_prune_resnet50_p90_s2,0.997703706361451,0.9977215362827911,0.0022962936385489963,192,1.0786516853932426,23544914,2402316,4109501440,18023649,,,,,,,,
resnet50,0,prune-95,eixo2_prune_resnet50_p95_s0,0.9972492315788215,0.9972683594808937,0.0027507684211784955,230,1.2994350282485574,23544914,1227727,4109501440,12720469,,,,,,,,
resnet50,0,prune-95+int8-cpu,eixo2_prune_resnet50_p95_s0,0.9971535526772153,0.9971749470778032,0.0028464473227847176,238,1.344632768361557,23544914,1227727,4109501440,24134257,,,,,,,,
resnet50,0,prune-95+trt-int8,eixo2_prune_resnet50_p95_s0,0.9968665159723966,0.9968824327860166,0.0031334840276033837,262,1.480225988700556,23544914,1227727,4109501440,25111716,,,,,,,,
resnet50,1,prune-95,eixo2_prune_resnet50_p95_s1,0.9973568703431285,0.9973732370082617,0.0026431296568715235,221,1.339393939393926,23544914,1227727,4109501440,12723799,,,,,,,,
resnet50,2,prune-95,eixo2_prune_resnet50_p95_s2,0.997440589382034,0.9974571934668643,0.0025594106179660514,214,1.2022471910112102,23544914,1227727,4109501440,12687652,,,,,,,,
resnet50,0,prune-98,eixo2_prune_resnet50_p98_s0,0.9961369643476493,0.9961583129990922,0.003863035652350688,323,1.824858757062113,23544914,522974,4109501440,9230062,,,,,,,,
resnet50,1,prune-98,eixo2_prune_resnet50_p98_s1,0.9958738473682323,0.9958882477417426,0.004126152631767743,345,2.09090909090906,23544914,522974,4109501440,9211055,,,,,,,,
resnet50,2,prune-98,eixo2_prune_resnet50_p98_s2,0.9962206833865547,0.9962271123503823,0.003779316613445327,316,1.7752808988764273,23544914,522974,4109501440,9180652,,,,,,,,
