dados,celula,erros,razao_vs_denso_mesmo_regime
100%,baseline FP32,177,1.0
100%,int8 CPU,170,0.96045197740113
100%,int8 TensorRT,173,0.9774011299435028
100%,poda 90% + fine-tuning,190,1.073446327683616
100%,poda 90% + int8 CPU,202,1.1412429378531073
100%,poda 90% + int8 TensorRT,195,1.1016949152542372
25%,baseline FP32,232,1.0
25%,int8 CPU,266,1.146551724137931
25%,int8 TensorRT,239,1.0301724137931034
25%,poda 90% + fine-tuning,393,1.6939655172413792
25%,poda 90% + int8 CPU,472,2.0344827586206895
25%,poda 90% + int8 TensorRT,420,1.8103448275862069
